-- ============================================================
-- Файл 3/3 — DML: Тестовые данные (≥3 строки на таблицу)
-- Диалект: MS SQL Server (для онлайн-песочницы)
-- Запускать ПОСЛЕ файлов 1 и 2
-- ============================================================
-- Все GUID — литеральные константы (без DECLARE / GO)


-- ===================== users (9 строк) =====================
INSERT INTO users (id, name, first_name, middle_name, last_name, email, password_hash, role, is_active, phone)
VALUES
('A0000001-0000-0000-0000-000000000001', N'Иванов И.И.',       N'Иван',    N'Иванович',   N'Иванов',   N'ivanov@mail.ru',        N'$2b$10$hash1', 'customer',   1, N'+7-900-111-11-11'),
('A0000001-0000-0000-0000-000000000002', N'Петрова А.С.',      N'Анна',    N'Сергеевна',  N'Петрова',  N'petrova@mail.ru',       N'$2b$10$hash2', 'customer',   1, N'+7-900-222-22-22'),
('A0000001-0000-0000-0000-000000000003', N'Сидоров К.П.',      N'Кирилл',  N'Петрович',   N'Сидоров',  N'sidorov@mail.ru',       N'$2b$10$hash3', 'customer',   1, N'+7-900-333-33-33'),
('A0000002-0000-0000-0000-000000000001', N'Козлов Д.О.',       N'Дмитрий', N'Олегович',   N'Козлов',   N'kozlov@tvcompany.ru',   N'$2b$10$hash4', 'agent',      1, N'+7-900-444-44-44'),
('A0000002-0000-0000-0000-000000000002', N'Белова Е.В.',       N'Елена',   N'Викторовна', N'Белова',   N'belova@tvcompany.ru',   N'$2b$10$hash5', 'agent',      1, N'+7-900-555-55-55'),
('A0000003-0000-0000-0000-000000000001', N'Орлов М.А.',        N'Максим',  N'Андреевич',  N'Орлов',    N'orlov@tvcompany.ru',    N'$2b$10$hash6', 'commercial', 1, N'+7-900-666-66-66'),
('A0000004-0000-0000-0000-000000000001', N'Морозова О.Н.',     N'Ольга',   N'Николаевна', N'Морозова', N'morozova@tvcompany.ru', N'$2b$10$hash7', 'accountant', 1, N'+7-900-777-77-77'),
('A0000005-0000-0000-0000-000000000001', N'Волков С.И.',       N'Сергей',  N'Игоревич',   N'Волков',   N'volkov@tvcompany.ru',   N'$2b$10$hash8', 'admin',      1, N'+7-900-888-88-88'),
('A0000006-0000-0000-0000-000000000001', N'Новиков А.М.',      N'Алексей', N'Михайлович', N'Новиков',  N'novikov@tvcompany.ru',  N'$2b$10$hash9', 'director',   1, N'+7-900-999-99-99');


-- ===================== shows (3 строки) =====================
INSERT INTO shows (id, name, time_slot, base_price_per_min, show_type, description, is_active, is_recurring, recurring_days, duration_minutes)
VALUES
('B0000001-0000-0000-0000-000000000001', N'Утреннее шоу «Доброе утро»', N'08:00-10:00', 10000.00, 'morning', N'Ежедневное утреннее шоу с новостями и гостями', 1, 1, N'daily',    120),
('B0000001-0000-0000-0000-000000000002', N'Дневной сериал «Судьба»',     N'12:00-13:00', 15000.00, 'series',  N'Популярный дневной сериал',                      1, 1, N'weekdays', 60),
('B0000001-0000-0000-0000-000000000003', N'Вечерние новости',             N'19:00-20:00', 25000.00, 'news',    N'Главные новости дня',                            1, 1, N'daily',    60);


-- ===================== show_schedule (6 строк) =====================
INSERT INTO show_schedule (id, show_id, scheduled_date, duration_minutes, ad_minutes, available_slots)
VALUES
('C0000001-0000-0000-0000-000000000001', 'B0000001-0000-0000-0000-000000000001', '2026-03-01', 120, 30, 30),
('C0000001-0000-0000-0000-000000000002', 'B0000001-0000-0000-0000-000000000002', '2026-03-01',  60, 15, 15),
('C0000001-0000-0000-0000-000000000003', 'B0000001-0000-0000-0000-000000000003', '2026-03-01',  60, 20, 20),
('C0000001-0000-0000-0000-000000000004', 'B0000001-0000-0000-0000-000000000001', '2026-03-02', 120, 30, 28),
('C0000001-0000-0000-0000-000000000005', 'B0000001-0000-0000-0000-000000000002', '2026-03-02',  60, 15, 14),
('C0000001-0000-0000-0000-000000000006', 'B0000001-0000-0000-0000-000000000003', '2026-03-02',  60, 20, 19);


-- ===================== applications (3 строки) =====================
INSERT INTO applications (id, customer_id, agent_id, commercial_id, show_id, scheduled_at, duration_seconds, status, cost, description, contact_phone, payment_method, due_date)
VALUES
('D0000001-0000-0000-0000-000000000001',
 'A0000001-0000-0000-0000-000000000001', 'A0000002-0000-0000-0000-000000000001', 'A0000003-0000-0000-0000-000000000001',
 'B0000001-0000-0000-0000-000000000001', '2026-03-01 08:30:00', 30, 'approved', 5000.00,
 N'Реклама сети ресторанов «Вкусно»', N'+7-900-111-11-11', 'card', '2026-03-15 23:59:59'),

('D0000001-0000-0000-0000-000000000002',
 'A0000001-0000-0000-0000-000000000002', 'A0000002-0000-0000-0000-000000000001', 'A0000003-0000-0000-0000-000000000001',
 'B0000001-0000-0000-0000-000000000003', '2026-03-01 19:15:00', 60, 'paid', 25000.00,
 N'Реклама автосалона «АвтоМир»', N'+7-900-222-22-22', 'transfer', '2026-03-10 23:59:59'),

('D0000001-0000-0000-0000-000000000003',
 'A0000001-0000-0000-0000-000000000003', 'A0000002-0000-0000-0000-000000000002', NULL,
 'B0000001-0000-0000-0000-000000000002', '2026-03-02 12:10:00', 15, 'pending', 3750.00,
 N'Реклама интернет-магазина «ТехноДом»', N'+7-900-333-33-33', NULL, NULL);


-- ===================== commissions (3 строки) =====================
INSERT INTO commissions (agent_id, application_id, [percent], amount)
VALUES
('A0000002-0000-0000-0000-000000000001', 'D0000001-0000-0000-0000-000000000001', 5.00,  250.00),
('A0000002-0000-0000-0000-000000000001', 'D0000001-0000-0000-0000-000000000002', 5.00, 1250.00),
('A0000002-0000-0000-0000-000000000002', 'D0000001-0000-0000-0000-000000000003', 5.00,  187.50);


-- ===================== contracts (3 строки) =====================
INSERT INTO contracts (application_id, customer_id, agent_id, contract_number, contract_date, show_name, scheduled_at, duration_seconds, cost, customer_name, customer_email, customer_phone, company_name, description, status)
VALUES
('D0000001-0000-0000-0000-000000000001', 'A0000001-0000-0000-0000-000000000001', 'A0000002-0000-0000-0000-000000000001',
 N'DOG-2026-000001', '2026-02-20', N'Утреннее шоу «Доброе утро»', '2026-03-01 08:30:00', 30, 5000.00,
 N'Иванов Иван Иванович', N'ivanov@mail.ru', N'+7-900-111-11-11', N'ТВ Компания X',
 N'Реклама сети ресторанов «Вкусно»', 'viewed'),

('D0000001-0000-0000-0000-000000000002', 'A0000001-0000-0000-0000-000000000002', 'A0000002-0000-0000-0000-000000000001',
 N'DOG-2026-000002', '2026-02-21', N'Вечерние новости', '2026-03-01 19:15:00', 60, 25000.00,
 N'Петрова Анна Сергеевна', N'petrova@mail.ru', N'+7-900-222-22-22', N'ТВ Компания X',
 N'Реклама автосалона «АвтоМир»', 'downloaded'),

('D0000001-0000-0000-0000-000000000003', 'A0000001-0000-0000-0000-000000000003', 'A0000002-0000-0000-0000-000000000002',
 N'DOG-2026-000003', '2026-02-24', N'Дневной сериал «Судьба»', '2026-03-02 12:10:00', 15, 3750.00,
 N'Сидоров Кирилл Петрович', N'sidorov@mail.ru', N'+7-900-333-33-33', N'ТВ Компания X',
 N'Реклама интернет-магазина «ТехноДом»', 'sent');


-- ===================== chat_messages (3 строки) =====================
INSERT INTO chat_messages (room_id, sender_id, sender_name, content, chat_type, application_id)
VALUES
(N'room-app1-cust-agent', 'A0000001-0000-0000-0000-000000000001', N'Иванов И.И.',
 N'Здравствуйте! Хочу разместить рекламу в утреннем шоу.', 'customer-agent', 'D0000001-0000-0000-0000-000000000001'),

(N'room-app1-cust-agent', 'A0000002-0000-0000-0000-000000000001', N'Козлов Д.О.',
 N'Добрый день! Принято, передаю на согласование.', 'customer-agent', 'D0000001-0000-0000-0000-000000000001'),

(N'room-app2-agent-comm', 'A0000002-0000-0000-0000-000000000001', N'Козлов Д.О.',
 N'Максим, прошу согласовать заявку на вечерние новости.', 'agent-commercial', 'D0000001-0000-0000-0000-000000000002');


-- ===================== notifications (3 строки) =====================
INSERT INTO notifications (user_id, type, title, message, [read])
VALUES
('A0000001-0000-0000-0000-000000000001', N'application', N'Заявка одобрена',
 N'Ваша заявка на размещение в «Утреннем шоу» одобрена.', 1),

('A0000001-0000-0000-0000-000000000002', N'billing', N'Оплата получена',
 N'Спасибо за оплату! Рекламный ролик запланирован на 01.03.2026.', 1),

('A0000002-0000-0000-0000-000000000001', N'application', N'Новая заявка',
 N'Вам назначена новая заявка от клиента Сидоров К.П.', 0);


-- ===================== services_feed (3 строки) =====================
INSERT INTO services_feed (application_id, show_name, client_name, date, duration_seconds, cost, status)
VALUES
('D0000001-0000-0000-0000-000000000001', N'Утреннее шоу «Доброе утро»',  N'Иванов И.И.',  '2026-03-01', 30, 5000.00,  'scheduled'),
('D0000001-0000-0000-0000-000000000002', N'Вечерние новости',              N'Петрова А.С.', '2026-03-01', 60, 25000.00, 'completed'),
('D0000001-0000-0000-0000-000000000003', N'Дневной сериал «Судьба»',      N'Сидоров К.П.', '2026-03-02', 15, 3750.00,  'scheduled');


-- ===================== audit_log (3 строки) =====================
INSERT INTO audit_log (entity, entity_id, action, changed_by, payload)
VALUES
(N'applications', 'D0000001-0000-0000-0000-000000000001', 'create', 'A0000002-0000-0000-0000-000000000001',
 N'{"status":"pending","customer":"Иванов И.И.","show":"Утреннее шоу"}'),

(N'applications', 'D0000001-0000-0000-0000-000000000001', 'update', 'A0000003-0000-0000-0000-000000000001',
 N'{"old_status":"pending","new_status":"approved"}'),

(N'users', 'A0000005-0000-0000-0000-000000000001', 'update', 'A0000005-0000-0000-0000-000000000001',
 N'{"action":"activated_user","target":"agent2"}');


-- ===================== ПРОВЕРКА =====================
SELECT 'users'          AS [Таблица], COUNT(*) AS [Строк] FROM users
UNION ALL SELECT 'shows',           COUNT(*) FROM shows
UNION ALL SELECT 'show_schedule',   COUNT(*) FROM show_schedule
UNION ALL SELECT 'applications',    COUNT(*) FROM applications
UNION ALL SELECT 'commissions',     COUNT(*) FROM commissions
UNION ALL SELECT 'contracts',       COUNT(*) FROM contracts
UNION ALL SELECT 'chat_messages',   COUNT(*) FROM chat_messages
UNION ALL SELECT 'notifications',   COUNT(*) FROM notifications
UNION ALL SELECT 'services_feed',   COUNT(*) FROM services_feed
UNION ALL SELECT 'audit_log',       COUNT(*) FROM audit_log
ORDER BY [Таблица];
